"","team.A","team.B","p.A","wins.A","update.A","update.B","elo.A","elo.B"
"1","대한항공","KB손해보험",0.63,1,6.31,-6.31,1600.35,1496.01
"2","대한항공","KB손해보험",0.65,0,-10.98,10.98,1589.37,1506.98
"3","대한항공","KB손해보험",0.62,1,6.52,-6.52,1595.9,1500.46
"4","대한항공","KB손해보험",0.63,1,6.22,-6.22,1602.12,1494.24
"5","현대건설","한국도로공사",0.51,1,8.28,-8.28,1645.9,1620.21
"6","현대건설","한국도로공사",0.54,1,7.87,-7.87,1653.77,1612.34
"7","현대건설","한국도로공사",0.56,1,7.49,-7.49,1661.26,1604.85
"8","OK금융그룹","한국전력",0.34,0,-5.82,5.82,1426.1,1551.01
"9","OK금융그룹","한국전력",0.33,0,-5.57,5.57,1420.53,1556.58
"10","OK금융그룹","한국전력",0.31,0,-5.33,5.33,1415.2,1561.91
"11","IBK기업은행","GS칼텍스",0.32,0,-5.37,5.37,1485.79,1630.59
"12","IBK기업은행","GS칼텍스",0.3,0,-5.15,5.15,1480.64,1635.74
"13","IBK기업은행","GS칼텍스",0.29,0,-4.94,4.94,1475.7,1640.68
"14","삼성화재","현대캐피탈",0.52,0,-8.87,8.87,1434.04,1436.6
"15","삼성화재","현대캐피탈",0.5,1,8.56,-8.56,1442.6,1428.04
"16","삼성화재","현대캐피탈",0.52,0,-8.86,8.86,1433.75,1436.89
"17","삼성화재","현대캐피탈",0.5,0,-8.42,8.42,1425.33,1445.32
"18","흥국생명","페퍼저축은행",0.65,1,5.97,-5.97,1404.6,1286.21
"19","흥국생명","페퍼저축은행",0.66,1,5.71,-5.71,1410.31,1280.5
"20","흥국생명","페퍼저축은행",0.68,1,5.46,-5.46,1415.78,1275.04
"21","OK금융그룹","우리카드",0.31,0,-5.23,5.23,1409.96,1561.12
"22","OK금융그룹","우리카드",0.3,0,-5.02,5.02,1404.94,1566.14
"23","OK금융그룹","우리카드",0.28,0,-4.82,4.82,1400.13,1570.96
"24","IBK기업은행","KGC인삼공사",0.57,0,-9.69,9.69,1466.01,1436.39
"25","IBK기업은행","KGC인삼공사",0.54,1,7.78,-7.78,1473.79,1428.61
"26","IBK기업은행","KGC인삼공사",0.56,1,7.4,-7.4,1481.19,1421.21
"27","IBK기업은행","KGC인삼공사",0.59,0,-9.95,9.95,1471.23,1431.16
"28","IBK기업은행","KGC인삼공사",0.56,0,-9.48,9.48,1461.76,1440.64
"29","KB손해보험","한국전력",0.4,1,10.13,-10.13,1504.38,1551.78
"30","KB손해보험","한국전력",0.43,1,9.65,-9.65,1514.03,1542.13
"31","KB손해보험","한국전력",0.46,0,-7.81,7.81,1506.21,1549.94
"32","KB손해보험","한국전력",0.44,1,9.56,-9.56,1515.78,1540.38
"33","한국도로공사","GS칼텍스",0.45,1,9.37,-9.37,1614.22,1631.31
"34","한국도로공사","GS칼텍스",0.48,1,8.92,-8.92,1623.14,1622.39
"35","한국도로공사","GS칼텍스",0.5,0,-8.52,8.52,1614.62,1630.91
"36","한국도로공사","GS칼텍스",0.48,0,-8.1,8.1,1606.52,1639.01
"37","한국도로공사","GS칼텍스",0.45,1,9.29,-9.29,1615.81,1629.72
"38","현대캐피탈","대한항공",0.29,0,-4.9,4.9,1440.41,1607.02
"39","현대캐피탈","대한항공",0.28,0,-4.71,4.71,1435.7,1611.73
"40","현대캐피탈","대한항공",0.27,0,-4.53,4.53,1431.17,1616.26
"41","페퍼저축은행","현대건설",0.1,0,-1.66,1.66,1273.38,1662.92
"42","페퍼저축은행","현대건설",0.1,1,15.37,-15.37,1288.74,1647.56
"43","페퍼저축은행","현대건설",0.11,0,-1.91,1.91,1286.83,1649.47
"44","페퍼저축은행","현대건설",0.11,0,-1.88,1.88,1284.96,1651.34
"45","우리카드","삼성화재",0.7,0,-11.87,11.87,1559.09,1437.19
"46","우리카드","삼성화재",0.67,1,5.63,-5.63,1564.73,1431.56
"47","우리카드","삼성화재",0.68,1,5.39,-5.39,1570.12,1426.17
"48","우리카드","삼성화재",0.7,1,5.17,-5.17,1575.29,1421
"49","KGC인삼공사","흥국생명",0.54,0,-9.11,9.11,1431.53,1424.88
"50","KGC인삼공사","흥국생명",0.51,0,-8.66,8.66,1422.87,1433.55
"51","KGC인삼공사","흥국생명",0.48,0,-8.24,8.24,1414.63,1441.78
"52","KB손해보험","OK금융그룹",0.66,0,-11.23,11.23,1504.55,1411.35
"53","KB손해보험","OK금융그룹",0.63,0,-10.73,10.73,1493.82,1422.08
"54","KB손해보험","OK금융그룹",0.6,1,6.77,-6.77,1500.59,1415.31
"55","KB손해보험","OK금융그룹",0.62,1,6.45,-6.45,1507.05,1408.86
"56","KB손해보험","OK금융그룹",0.64,1,6.16,-6.16,1513.21,1402.7
"57","한국도로공사","IBK기업은행",0.71,0,-12.04,12.04,1603.77,1473.8
"58","한국도로공사","IBK기업은행",0.68,1,5.46,-5.46,1609.23,1468.34
"59","한국도로공사","IBK기업은행",0.69,0,-11.77,11.77,1597.46,1480.11
"60","한국도로공사","IBK기업은행",0.66,0,-11.27,11.27,1586.2,1491.37
"61","대한항공","삼성화재",0.75,1,4.17,-4.17,1620.43,1416.83
"62","대한항공","삼성화재",0.76,1,4.02,-4.02,1624.45,1412.81
"63","대한항공","삼성화재",0.77,1,3.88,-3.88,1628.33,1408.93
"64","현대건설","흥국생명",0.77,1,3.92,-3.92,1655.26,1437.87
"65","현대건설","흥국생명",0.78,0,-13.22,13.22,1642.04,1451.09
"66","현대건설","흥국생명",0.75,1,4.25,-4.25,1646.29,1446.84
"67","현대건설","흥국생명",0.76,1,4.09,-4.09,1650.38,1442.74
"68","한국전력","현대캐피탈",0.65,0,-11.09,11.09,1529.29,1442.26
"69","한국전력","현대캐피탈",0.62,0,-10.59,10.59,1518.7,1452.85
"70","한국전력","현대캐피탈",0.59,0,-10.09,10.09,1508.61,1462.94
"71","GS칼텍스","페퍼저축은행",0.88,0,-14.95,14.95,1614.77,1299.9
"72","GS칼텍스","페퍼저축은행",0.86,1,2.39,-2.39,1617.16,1297.52
"73","GS칼텍스","페퍼저축은행",0.86,1,2.33,-2.33,1619.49,1295.19
"74","GS칼텍스","페퍼저축은행",0.87,1,2.28,-2.28,1621.76,1292.91
"75","우리카드","KB손해보험",0.59,0,-10,10,1565.28,1523.21
"76","우리카드","KB손해보험",0.56,0,-9.52,9.52,1555.76,1532.73
"77","우리카드","KB손해보험",0.53,0,-9.06,9.06,1546.7,1541.8
"78","KGC인삼공사","한국도로공사",0.27,1,12.39,-12.39,1427.01,1573.81
"79","KGC인삼공사","한국도로공사",0.3,0,-5.11,5.11,1421.91,1578.92
"80","KGC인삼공사","한국도로공사",0.29,0,-4.9,4.9,1417.01,1583.82
"81","KGC인삼공사","한국도로공사",0.28,0,-4.71,4.71,1412.3,1588.52
"82","삼성화재","OK금융그룹",0.51,0,-8.65,8.65,1400.28,1411.35
"83","삼성화재","OK금융그룹",0.48,1,8.77,-8.77,1409.05,1402.58
"84","삼성화재","OK금융그룹",0.51,0,-8.66,8.66,1400.39,1411.24
"85","삼성화재","OK금융그룹",0.48,0,-8.23,8.23,1392.15,1419.47
"86","흥국생명","IBK기업은행",0.43,1,9.68,-9.68,1452.43,1481.69
"87","흥국생명","IBK기업은행",0.46,1,9.21,-9.21,1461.64,1472.48
"88","흥국생명","IBK기업은행",0.48,1,8.77,-8.77,1470.41,1463.71
"89","대한항공","한국전력",0.67,1,5.68,-5.68,1634.01,1502.93
"90","대한항공","한국전력",0.68,0,-11.56,11.56,1622.45,1514.49
"91","대한항공","한국전력",0.65,1,5.94,-5.94,1628.39,1508.55
"92","대한항공","한국전력",0.67,0,-11.32,11.32,1617.07,1519.87
"93","대한항공","한국전력",0.64,1,6.18,-6.18,1623.25,1513.69
"94","현대건설","GS칼텍스",0.54,1,7.8,-7.8,1658.19,1613.96
"95","현대건설","GS칼텍스",0.56,1,7.42,-7.42,1665.61,1606.54
"96","현대건설","GS칼텍스",0.58,1,7.07,-7.07,1672.68,1599.47
"97","현대캐피탈","우리카드",0.38,1,10.51,-10.51,1473.45,1536.19
"98","현대캐피탈","우리카드",0.41,0,-6.98,6.98,1466.47,1543.17
"99","현대캐피탈","우리카드",0.39,1,10.35,-10.35,1476.81,1532.82
"100","현대캐피탈","우리카드",0.42,1,9.86,-9.86,1486.67,1522.96
"101","페퍼저축은행","KGC인삼공사",0.33,1,11.31,-11.31,1304.22,1400.99
"102","페퍼저축은행","KGC인삼공사",0.36,1,10.81,-10.81,1315.03,1390.18
"103","페퍼저축은행","KGC인삼공사",0.39,0,-6.69,6.69,1308.34,1396.87
"104","페퍼저축은행","KGC인삼공사",0.38,0,-6.38,6.38,1301.96,1403.25
"105","페퍼저축은행","KGC인삼공사",0.36,0,-6.09,6.09,1295.87,1409.34
"106","OK금융그룹","대한항공",0.24,1,12.98,-12.98,1432.45,1610.27
"107","OK금융그룹","대한항공",0.26,0,-4.49,4.49,1427.96,1614.76
"108","OK금융그룹","대한항공",0.25,0,-4.32,4.32,1423.64,1619.09
"109","OK금융그룹","대한항공",0.25,0,-4.17,4.17,1419.47,1623.25
"110","IBK기업은행","현대건설",0.23,0,-3.93,3.93,1459.79,1676.6
"111","IBK기업은행","현대건설",0.22,0,-3.79,3.79,1455.99,1680.4
"112","IBK기업은행","현대건설",0.22,1,13.34,-13.34,1469.33,1667.06
"113","IBK기업은행","현대건설",0.24,0,-4.12,4.12,1465.2,1671.19
"114","KB손해보험","현대캐피탈",0.58,0,-9.84,9.84,1531.96,1496.51
"115","KB손해보험","현대캐피탈",0.55,0,-9.36,9.36,1522.59,1505.87
"116","KB손해보험","현대캐피탈",0.52,0,-8.91,8.91,1513.69,1514.78
"117","한국도로공사","페퍼저축은행",0.84,1,2.66,-2.66,1591.18,1293.21
"118","한국도로공사","페퍼저축은행",0.85,1,2.59,-2.59,1593.78,1290.62
"119","한국도로공사","페퍼저축은행",0.85,1,2.53,-2.53,1596.3,1288.09
"120","한국전력","삼성화재",0.67,1,5.64,-5.64,1519.33,1386.51
"121","한국전력","삼성화재",0.68,1,5.4,-5.4,1524.73,1381.11
"122","한국전력","삼성화재",0.7,1,5.17,-5.17,1529.91,1375.94
"123","GS칼텍스","흥국생명",0.68,0,-11.52,11.52,1587.95,1481.93
"124","GS칼텍스","흥국생명",0.65,0,-11.02,11.02,1576.93,1492.94
"125","GS칼텍스","흥국생명",0.62,0,-10.52,10.52,1566.42,1503.46
"126","우리카드","대한항공",0.36,1,10.89,-10.89,1533.85,1612.36
"127","우리카드","대한항공",0.39,0,-6.61,6.61,1527.24,1618.98
"128","우리카드","대한항공",0.37,1,10.69,-10.69,1537.93,1608.28
"129","우리카드","대한항공",0.4,0,-6.8,6.8,1531.13,1615.08
"130","우리카드","대한항공",0.38,1,10.51,-10.51,1541.64,1604.57
"131","KGC인삼공사","현대건설",0.18,1,13.92,-13.92,1423.26,1657.27
"132","KGC인삼공사","현대건설",0.21,0,-3.51,3.51,1419.75,1660.78
"133","KGC인삼공사","현대건설",0.2,0,-3.4,3.4,1416.35,1664.17
"134","KGC인삼공사","현대건설",0.19,1,13.71,-13.71,1430.06,1650.46
"135","KGC인삼공사","현대건설",0.22,0,-3.73,3.73,1426.33,1654.2
"136","현대캐피탈","OK금융그룹",0.63,0,-10.78,10.78,1504.01,1430.25
"137","현대캐피탈","OK금융그룹",0.6,0,-10.28,10.28,1493.73,1440.52
"138","현대캐피탈","OK금융그룹",0.58,0,-9.79,9.79,1483.94,1450.32
"139","페퍼저축은행","IBK기업은행",0.27,0,-4.51,4.51,1283.58,1469.71
"140","페퍼저축은행","IBK기업은행",0.26,0,-4.34,4.34,1279.25,1474.05
"141","페퍼저축은행","IBK기업은행",0.25,1,12.82,-12.82,1292.07,1461.23
"142","페퍼저축은행","IBK기업은행",0.27,0,-4.66,4.66,1287.41,1465.89
"143","삼성화재","KB손해보험",0.31,1,11.7,-11.7,1387.64,1501.98
"144","삼성화재","KB손해보험",0.34,0,-5.8,5.8,1381.84,1507.78
"145","삼성화재","KB손해보험",0.33,0,-5.55,5.55,1376.3,1513.33
"146","삼성화재","KB손해보험",0.31,1,11.69,-11.69,1387.98,1501.64
"147","삼성화재","KB손해보험",0.34,1,11.19,-11.19,1399.17,1490.45
"148","흥국생명","한국도로공사",0.37,1,10.72,-10.72,1514.18,1585.59
"149","흥국생명","한국도로공사",0.4,1,10.22,-10.22,1524.4,1575.36
"150","흥국생명","한국도로공사",0.43,0,-7.26,7.26,1517.14,1582.62
"151","흥국생명","한국도로공사",0.41,0,-6.92,6.92,1510.22,1589.54
"152","흥국생명","한국도로공사",0.39,1,10.41,-10.41,1520.63,1579.13
"153","한국전력","우리카드",0.48,0,-8.21,8.21,1521.69,1549.86
"154","한국전력","우리카드",0.46,1,9.19,-9.19,1530.88,1540.67
"155","한국전력","우리카드",0.49,1,8.74,-8.74,1539.62,1531.93
"156","한국전력","우리카드",0.51,1,8.31,-8.31,1547.93,1523.62
"157","GS칼텍스","KGC인삼공사",0.69,0,-11.75,11.75,1554.66,1438.08
"158","GS칼텍스","KGC인삼공사",0.66,0,-11.25,11.25,1543.41,1449.33
"159","GS칼텍스","KGC인삼공사",0.63,0,-10.75,10.75,1532.67,1460.08
"160","대한항공","현대캐피탈",0.67,1,5.66,-5.66,1610.23,1478.28
"161","대한항공","현대캐피탈",0.68,1,5.42,-5.42,1615.65,1472.86
"162","대한항공","현대캐피탈",0.69,1,5.19,-5.19,1620.84,1467.67
"163","현대건설","페퍼저축은행",0.89,1,1.84,-1.84,1656.03,1285.57
"164","현대건설","페퍼저축은행",0.89,1,1.8,-1.8,1657.83,1283.77
"165","현대건설","페퍼저축은행",0.9,1,1.77,-1.77,1659.6,1282
"166","OK금융그룹","KB손해보험",0.44,1,9.48,-9.48,1459.79,1480.98
"167","OK금융그룹","KB손해보험",0.47,1,9.02,-9.02,1468.81,1471.96
"168","OK금융그룹","KB손해보험",0.5,1,8.58,-8.58,1477.39,1463.38
"169","IBK기업은행","한국도로공사",0.34,1,11.18,-11.18,1477.06,1567.96
"170","IBK기업은행","한국도로공사",0.37,0,-6.33,6.33,1470.74,1574.28
"171","IBK기업은행","한국도로공사",0.36,0,-6.04,6.04,1464.7,1580.32
"172","IBK기업은행","한국도로공사",0.34,0,-5.77,5.77,1458.93,1586.09
"173","삼성화재","우리카드",0.33,0,-5.58,5.58,1393.59,1529.2
"174","삼성화재","우리카드",0.31,1,11.66,-11.66,1405.25,1517.54
"175","삼성화재","우리카드",0.34,0,-5.84,5.84,1399.41,1523.38
"176","삼성화재","우리카드",0.33,1,11.41,-11.41,1410.82,1511.97
"177","삼성화재","우리카드",0.36,0,-6.09,6.09,1404.72,1518.07
"178","흥국생명","KGC인삼공사",0.59,1,7.03,-7.03,1527.66,1453.05
"179","흥국생명","KGC인삼공사",0.61,1,6.7,-6.7,1534.36,1446.34
"180","흥국생명","KGC인삼공사",0.62,1,6.39,-6.39,1540.76,1439.95
"181","현대캐피탈","한국전력",0.39,0,-6.57,6.57,1461.1,1554.5
"182","현대캐피탈","한국전력",0.37,1,10.73,-10.73,1471.83,1543.77
"183","현대캐피탈","한국전력",0.4,0,-6.76,6.76,1465.06,1550.54
"184","현대캐피탈","한국전력",0.38,1,10.55,-10.55,1475.61,1539.99
"185","현대캐피탈","한국전력",0.41,0,-6.94,6.94,1468.67,1546.93
"186","페퍼저축은행","GS칼텍스",0.19,0,-3.25,3.25,1278.75,1535.92
"187","페퍼저축은행","GS칼텍스",0.19,0,-3.15,3.15,1275.6,1539.07
"188","페퍼저축은행","GS칼텍스",0.18,1,13.94,-13.94,1289.54,1525.13
"189","페퍼저축은행","GS칼텍스",0.2,0,-3.48,3.48,1286.06,1528.61
"190","대한항공","OK금융그룹",0.7,0,-11.82,11.82,1609.02,1489.21
"191","대한항공","OK금융그룹",0.67,1,5.68,-5.68,1614.7,1483.53
"192","대한항공","OK금융그룹",0.68,0,-11.56,11.56,1603.13,1495.1
"193","대한항공","OK금융그룹",0.65,1,5.94,-5.94,1609.07,1489.16
"194","대한항공","OK금융그룹",0.67,0,-11.32,11.32,1597.75,1500.48
"195","현대건설","IBK기업은행",0.76,1,4.07,-4.07,1663.67,1454.86
"196","현대건설","IBK기업은행",0.77,1,3.93,-3.93,1667.6,1450.93
"197","현대건설","IBK기업은행",0.78,1,3.79,-3.79,1671.4,1447.13
"198","KB손해보험","삼성화재",0.58,0,-9.92,9.92,1453.46,1414.64
"199","KB손해보험","삼성화재",0.56,0,-9.45,9.45,1444.01,1424.09
"200","KB손해보험","삼성화재",0.53,0,-8.99,8.99,1435.03,1433.08
"201","한국도로공사","흥국생명",0.56,0,-9.6,9.6,1576.49,1550.36
"202","한국도로공사","흥국생명",0.54,0,-9.14,9.14,1567.35,1559.5
"203","한국도로공사","흥국생명",0.51,1,8.31,-8.31,1575.66,1551.19
"204","한국도로공사","흥국생명",0.54,0,-9.1,9.1,1566.56,1560.29
"205","한국전력","OK금융그룹",0.57,1,7.37,-7.37,1554.3,1493.11
"206","한국전력","OK금융그룹",0.59,0,-9.98,9.98,1544.32,1503.09
"207","한국전력","OK금융그룹",0.56,0,-9.5,9.5,1534.81,1512.59
"208","한국전력","OK금융그룹",0.53,0,-9.04,9.04,1525.77,1521.64
"209","GS칼텍스","IBK기업은행",0.62,0,-10.46,10.46,1518.15,1457.59
"210","GS칼텍스","IBK기업은행",0.59,0,-9.97,9.97,1508.19,1467.56
"211","GS칼텍스","IBK기업은행",0.56,1,7.51,-7.51,1515.7,1460.05
"212","GS칼텍스","IBK기업은행",0.58,0,-9.85,9.85,1505.85,1469.9
"213","우리카드","현대캐피탈",0.57,0,-9.7,9.7,1508.37,1478.37
"214","우리카드","현대캐피탈",0.54,0,-9.23,9.23,1499.13,1487.6
"215","우리카드","현대캐피탈",0.52,0,-8.78,8.78,1490.35,1496.39
"216","KGC인삼공사","페퍼저축은행",0.71,0,-12.04,12.04,1427.92,1298.1
"217","KGC인삼공사","페퍼저축은행",0.68,1,5.46,-5.46,1433.38,1292.63
"218","KGC인삼공사","페퍼저축은행",0.69,1,5.23,-5.23,1438.61,1287.4
"219","KGC인삼공사","페퍼저축은행",0.7,1,5.02,-5.02,1443.63,1282.38
"220","삼성화재","대한항공",0.28,0,-4.75,4.75,1428.33,1602.5
"221","삼성화재","대한항공",0.27,0,-4.56,4.56,1423.77,1607.06
"222","삼성화재","대한항공",0.26,0,-4.39,4.39,1419.38,1611.45
"223","흥국생명","현대건설",0.35,0,-5.87,5.87,1554.42,1677.27
"224","흥국생명","현대건설",0.33,0,-5.61,5.61,1548.8,1682.88
"225","흥국생명","현대건설",0.32,0,-5.37,5.37,1543.43,1688.25
"226","한국전력","KB손해보험",0.63,1,6.33,-6.33,1532.1,1428.7
"227","한국전력","KB손해보험",0.64,1,6.04,-6.04,1538.14,1422.66
"228","한국전력","KB손해보험",0.66,1,5.77,-5.77,1543.92,1416.88
"229","GS칼텍스","한국도로공사",0.41,0,-7.03,7.03,1498.82,1573.59
"230","GS칼텍스","한국도로공사",0.39,0,-6.7,6.7,1492.12,1580.29
"231","GS칼텍스","한국도로공사",0.38,0,-6.39,6.39,1485.73,1586.68
"232","OK금융그룹","현대캐피탈",0.54,0,-9.12,9.12,1512.52,1505.5
"233","OK금융그룹","현대캐피탈",0.51,0,-8.67,8.67,1503.85,1514.17
"234","OK금융그룹","현대캐피탈",0.49,1,8.75,-8.75,1512.6,1505.42
"235","OK금융그룹","현대캐피탈",0.51,1,8.32,-8.32,1520.93,1497.1
"236","OK금융그룹","현대캐피탈",0.53,0,-9.08,9.08,1511.84,1506.18
"237","IBK기업은행","페퍼저축은행",0.75,1,4.31,-4.31,1474.21,1278.07
"238","IBK기업은행","페퍼저축은행",0.76,1,4.15,-4.15,1478.36,1273.92
"239","IBK기업은행","페퍼저축은행",0.76,0,-12.99,12.99,1465.37,1286.91
"240","IBK기업은행","페퍼저축은행",0.74,1,4.48,-4.48,1469.85,1282.43
"241","삼성화재","한국전력",0.33,0,-5.58,5.58,1413.8,1549.49
"242","삼성화재","한국전력",0.31,0,-5.34,5.34,1408.46,1554.83
"243","삼성화재","한국전력",0.3,1,11.88,-11.88,1420.34,1542.95
"244","삼성화재","한국전력",0.33,1,11.38,-11.38,1431.72,1531.57
"245","삼성화재","한국전력",0.36,0,-6.12,6.12,1425.6,1537.69
"246","흥국생명","GS칼텍스",0.58,0,-9.9,9.9,1533.53,1495.63
"247","흥국생명","GS칼텍스",0.55,0,-9.42,9.42,1524.11,1505.05
"248","흥국생명","GS칼텍스",0.53,1,8.03,-8.03,1532.14,1497.02
"249","흥국생명","GS칼텍스",0.55,1,7.64,-7.64,1539.78,1489.37
"250","흥국생명","GS칼텍스",0.57,0,-9.72,9.72,1530.06,1499.1
"251","대한항공","우리카드",0.67,1,5.65,-5.65,1617.1,1484.7
"252","대한항공","우리카드",0.68,1,5.41,-5.41,1622.51,1479.29
"253","대한항공","우리카드",0.7,1,5.18,-5.18,1627.69,1474.11
"254","현대건설","KGC인삼공사",0.8,1,3.34,-3.34,1691.6,1440.29
"255","현대건설","KGC인삼공사",0.81,0,-13.76,13.76,1677.83,1454.05
"256","현대건설","KGC인삼공사",0.78,0,-13.33,13.33,1664.51,1467.38
"257","현대건설","KGC인삼공사",0.76,1,4.14,-4.14,1668.64,1463.24
"258","현대건설","KGC인삼공사",0.77,1,3.99,-3.99,1672.63,1459.25
"259","현대캐피탈","KB손해보험",0.63,1,6.36,-6.36,1512.54,1410.52
"260","현대캐피탈","KB손해보험",0.64,1,6.07,-6.07,1518.61,1404.45
"261","현대캐피탈","KB손해보험",0.66,0,-11.2,11.2,1507.42,1415.64
"262","현대캐피탈","KB손해보험",0.63,1,6.31,-6.31,1513.72,1409.34
"263","페퍼저축은행","한국도로공사",0.15,0,-2.51,2.51,1279.92,1589.19
"264","페퍼저축은행","한국도로공사",0.14,0,-2.45,2.45,1277.46,1591.64
"265","페퍼저축은행","한국도로공사",0.14,1,14.61,-14.61,1292.07,1577.04
"266","페퍼저축은행","한국도로공사",0.16,0,-2.76,2.76,1289.31,1579.8
"267","OK금융그룹","삼성화재",0.62,1,6.43,-6.43,1518.28,1419.17
"268","OK금융그룹","삼성화재",0.64,0,-10.86,10.86,1507.41,1430.03
"269","OK금융그룹","삼성화재",0.61,0,-10.36,10.36,1497.05,1440.39
"270","OK금융그룹","삼성화재",0.58,1,7.13,-7.13,1504.18,1433.27
"271","OK금융그룹","삼성화재",0.6,1,6.79,-6.79,1510.97,1426.48
"272","IBK기업은행","흥국생명",0.41,0,-7.04,7.04,1462.81,1537.1
"273","IBK기업은행","흥국생명",0.39,1,10.29,-10.29,1473.1,1526.81
"274","IBK기업은행","흥국생명",0.42,0,-7.2,7.2,1465.9,1534.01
"275","IBK기업은행","흥국생명",0.4,0,-6.85,6.85,1459.05,1540.86
"276","우리카드","한국전력",0.41,0,-6.96,6.96,1467.15,1544.65
"277","우리카드","한국전력",0.39,1,10.37,-10.37,1477.51,1534.29
"278","우리카드","한국전력",0.42,0,-7.12,7.12,1470.39,1541.41
"279","우리카드","한국전력",0.4,1,10.21,-10.21,1480.6,1531.2
"280","우리카드","한국전력",0.43,1,9.73,-9.73,1490.33,1521.47
"281","KGC인삼공사","GS칼텍스",0.44,0,-7.53,7.53,1451.72,1506.63
"282","KGC인삼공사","GS칼텍스",0.42,1,9.83,-9.83,1461.55,1496.8
"283","KGC인삼공사","GS칼텍스",0.45,0,-7.64,7.64,1453.91,1504.44
"284","KGC인삼공사","GS칼텍스",0.43,0,-7.27,7.27,1446.64,1511.71
"285","KB손해보험","대한항공",0.22,0,-3.77,3.77,1405.57,1631.46
"286","KB손해보험","대한항공",0.21,0,-3.64,3.64,1401.93,1635.1
"287","KB손해보험","대한항공",0.21,0,-3.52,3.52,1398.41,1638.62
"288","한국도로공사","현대건설",0.37,0,-6.28,6.28,1573.52,1678.91
"289","한국도로공사","현대건설",0.35,1,11,-11,1584.52,1667.91
"290","한국도로공사","현대건설",0.38,0,-6.5,6.5,1578.02,1674.41
"291","한국도로공사","현대건설",0.36,1,10.8,-10.8,1588.82,1663.61
"292","한국도로공사","현대건설",0.39,0,-6.7,6.7,1582.12,1670.31
"293","우리카드","OK금융그룹",0.47,1,9,-9,1499.34,1501.96
"294","우리카드","OK금융그룹",0.5,1,8.56,-8.56,1507.9,1493.4
"295","우리카드","OK금융그룹",0.52,0,-8.85,8.85,1499.05,1502.25
"296","우리카드","OK금융그룹",0.5,1,8.58,-8.58,1507.62,1493.67
"297","KGC인삼공사","IBK기업은행",0.48,0,-8.2,8.2,1438.44,1467.24
"298","KGC인삼공사","IBK기업은행",0.46,0,-7.8,7.8,1430.65,1475.04
"299","KGC인삼공사","IBK기업은행",0.44,0,-7.42,7.42,1423.23,1482.46
"300","현대캐피탈","삼성화재",0.62,1,6.41,-6.41,1520.13,1420.07
"301","현대캐피탈","삼성화재",0.64,1,6.12,-6.12,1526.25,1413.95
"302","현대캐피탈","삼성화재",0.66,1,5.84,-5.84,1532.09,1408.11
"303","페퍼저축은행","흥국생명",0.19,0,-3.24,3.24,1286.07,1544.1
"304","페퍼저축은행","흥국생명",0.18,0,-3.14,3.14,1282.94,1547.24
"305","페퍼저축은행","흥국생명",0.18,1,13.95,-13.95,1296.89,1533.28
"306","페퍼저축은행","흥국생명",0.2,0,-3.47,3.47,1293.42,1536.75
"307","한국전력","대한항공",0.34,0,-5.74,5.74,1515.73,1644.36
"308","한국전력","대한항공",0.32,0,-5.49,5.49,1510.24,1649.85
"309","한국전력","대한항공",0.31,0,-5.26,5.26,1504.98,1655.1
"310","GS칼텍스","현대건설",0.29,0,-4.87,4.87,1506.84,1675.18
"311","GS칼텍스","현대건설",0.28,1,12.32,-12.32,1519.16,1662.85
"312","GS칼텍스","현대건설",0.3,1,11.83,-11.83,1530.99,1651.03
"313","GS칼텍스","현대건설",0.33,0,-5.67,5.67,1525.32,1656.7
"314","GS칼텍스","현대건설",0.32,0,-5.43,5.43,1519.89,1662.13
"315","KB손해보험","우리카드",0.35,1,11.09,-11.09,1409.5,1496.54
"316","KB손해보험","우리카드",0.38,0,-6.41,6.41,1403.08,1502.95
"317","KB손해보험","우리카드",0.36,0,-6.12,6.12,1396.96,1509.07
"318","KB손해보험","우리카드",0.34,0,-5.85,5.85,1391.11,1514.92
"319","한국도로공사","KGC인삼공사",0.71,1,4.86,-4.86,1586.99,1418.36
"320","한국도로공사","KGC인삼공사",0.73,0,-12.33,12.33,1574.66,1430.69
"321","한국도로공사","KGC인삼공사",0.7,1,5.17,-5.17,1579.82,1425.53
"322","한국도로공사","KGC인삼공사",0.71,0,-12.04,12.04,1567.78,1437.57
"323","한국도로공사","KGC인삼공사",0.68,1,5.46,-5.46,1573.23,1432.12
"324","삼성화재","현대캐피탈",0.33,0,-5.59,5.59,1402.52,1537.68
"325","삼성화재","현대캐피탈",0.31,0,-5.35,5.35,1397.17,1543.03
"326","삼성화재","현대캐피탈",0.3,0,-5.13,5.13,1392.04,1548.16
"327","흥국생명","페퍼저축은행",0.8,1,3.36,-3.36,1540.11,1290.06
"328","흥국생명","페퍼저축은행",0.81,0,-13.74,13.74,1526.37,1303.8
"329","흥국생명","페퍼저축은행",0.78,1,3.69,-3.69,1530.07,1300.1
"330","흥국생명","페퍼저축은행",0.79,1,3.57,-3.57,1533.64,1296.53
"331","OK금융그룹","한국전력",0.48,1,8.78,-8.78,1502.45,1496.21
"332","OK금융그룹","한국전력",0.51,0,-8.65,8.65,1493.8,1504.86
"333","OK금융그룹","한국전력",0.48,1,8.77,-8.77,1502.57,1496.09
"334","OK금융그룹","한국전력",0.51,1,8.34,-8.34,1510.91,1487.75
"335","IBK기업은행","GS칼텍스",0.45,1,9.41,-9.41,1491.87,1510.47
"336","IBK기업은행","GS칼텍스",0.47,1,8.95,-8.95,1500.83,1501.52
"337","IBK기업은행","GS칼텍스",0.5,0,-8.48,8.48,1492.34,1510
"338","IBK기업은행","GS칼텍스",0.47,0,-8.07,8.07,1484.28,1518.07
"339","IBK기업은행","GS칼텍스",0.45,1,9.32,-9.32,1493.6,1508.75
"340","삼성화재","KB손해보험",0.5,0,-8.52,8.52,1383.52,1399.64
"341","삼성화재","KB손해보험",0.48,1,8.89,-8.89,1392.41,1390.74
"342","삼성화재","KB손해보험",0.5,0,-8.54,8.54,1383.87,1399.28
"343","삼성화재","KB손해보험",0.48,0,-8.12,8.12,1375.75,1407.41
"344","흥국생명","한국도로공사",0.44,0,-7.54,7.54,1526.1,1580.77
"345","흥국생명","한국도로공사",0.42,0,-7.17,7.17,1518.93,1587.94
"346","흥국생명","한국도로공사",0.4,1,10.17,-10.17,1529.1,1577.78
"347","흥국생명","한국도로공사",0.43,1,9.68,-9.68,1538.78,1568.09
"348","흥국생명","한국도로공사",0.46,1,9.22,-9.22,1548,1558.88
"349","현대캐피탈","우리카드",0.55,1,7.69,-7.69,1555.85,1507.23
"350","현대캐피탈","우리카드",0.57,0,-9.68,9.68,1546.17,1516.91
"351","현대캐피탈","우리카드",0.54,1,7.79,-7.79,1553.95,1509.13
"352","현대캐피탈","우리카드",0.56,1,7.41,-7.41,1561.36,1501.72
"353","페퍼저축은행","KGC인삼공사",0.31,0,-5.34,5.34,1291.19,1437.46
"354","페퍼저축은행","KGC인삼공사",0.3,0,-5.12,5.12,1286.07,1442.58
"355","페퍼저축은행","KGC인삼공사",0.29,0,-4.91,4.91,1281.16,1447.49
"356","대한항공","한국전력",0.72,0,-12.3,12.3,1642.8,1500.05
"357","대한항공","한국전력",0.69,1,5.19,-5.19,1647.99,1494.86
"358","대한항공","한국전력",0.71,1,4.98,-4.98,1652.97,1489.88
"359","대한항공","한국전력",0.72,0,-12.22,12.22,1640.75,1502.1
"360","대한항공","한국전력",0.69,1,5.28,-5.28,1646.03,1496.83
"361","현대건설","GS칼텍스",0.71,0,-12.03,12.03,1650.11,1520.77
"362","현대건설","GS칼텍스",0.68,1,5.47,-5.47,1655.58,1515.3
"363","현대건설","GS칼텍스",0.69,1,5.24,-5.24,1660.82,1510.06
"364","현대건설","GS칼텍스",0.7,1,5.03,-5.03,1665.85,1505.03
"365","KB손해보험","OK금융그룹",0.36,1,10.96,-10.96,1418.37,1499.95
"366","KB손해보험","OK금융그룹",0.38,0,-6.54,6.54,1411.83,1506.49
"367","KB손해보험","OK금융그룹",0.37,0,-6.24,6.24,1405.59,1512.73
"368","KB손해보험","OK금융그룹",0.35,0,-5.96,5.96,1399.63,1518.69
"369","한국도로공사","IBK기업은행",0.59,1,6.92,-6.92,1565.8,1486.68
"370","한국도로공사","IBK기업은행",0.61,1,6.6,-6.6,1572.4,1480.08
"371","한국도로공사","IBK기업은행",0.63,0,-10.71,10.71,1561.69,1490.79
"372","한국도로공사","IBK기업은행",0.6,0,-10.21,10.21,1551.48,1501
"373","한국도로공사","IBK기업은행",0.57,1,7.27,-7.27,1558.75,1493.72
"374","우리카드","삼성화재",0.67,1,5.55,-5.55,1507.27,1370.2
"375","우리카드","삼성화재",0.69,1,5.31,-5.31,1512.58,1364.89
"376","우리카드","삼성화재",0.7,0,-11.91,11.91,1500.67,1376.8
"377","우리카드","삼성화재",0.67,1,5.59,-5.59,1506.26,1371.21
"378","KGC인삼공사","흥국생명",0.36,1,10.89,-10.89,1458.38,1537.1
"379","KGC인삼공사","흥국생명",0.39,0,-6.61,6.61,1451.77,1543.71
"380","KGC인삼공사","흥국생명",0.37,0,-6.3,6.3,1445.47,1550.01
"381","KGC인삼공사","흥국생명",0.35,0,-6.02,6.02,1439.46,1556.03
"382","현대캐피탈","대한항공",0.38,0,-6.47,6.47,1554.9,1652.5
"383","현대캐피탈","대한항공",0.36,1,10.83,-10.83,1565.72,1641.67
"384","현대캐피탈","대한항공",0.39,0,-6.67,6.67,1559.05,1648.34
"385","현대캐피탈","대한항공",0.37,0,-6.36,6.36,1552.69,1654.7
"386","페퍼저축은행","현대건설",0.1,0,-1.67,1.67,1279.49,1667.52
"387","페퍼저축은행","현대건설",0.1,0,-1.64,1.64,1277.84,1669.17
"388","페퍼저축은행","현대건설",0.1,0,-1.62,1.62,1276.22,1670.79
"389","삼성화재","한국전력",0.33,1,11.45,-11.45,1382.65,1485.38
"390","삼성화재","한국전력",0.36,0,-6.06,6.06,1376.6,1491.44
"391","삼성화재","한국전력",0.34,1,11.21,-11.21,1387.81,1480.23
"392","삼성화재","한국전력",0.37,1,10.71,-10.71,1398.52,1469.52
"393","흥국생명","GS칼텍스",0.57,0,-9.74,9.74,1546.29,1514.77
"394","흥국생명","GS칼텍스",0.55,0,-9.27,9.27,1537.02,1524.04
"395","흥국생명","GS칼텍스",0.52,1,8.18,-8.18,1545.2,1515.85
"396","흥국생명","GS칼텍스",0.54,1,7.78,-7.78,1552.99,1508.07
"397","흥국생명","GS칼텍스",0.56,0,-9.59,9.59,1543.39,1517.66
"398","OK금융그룹","우리카드",0.52,1,8.2,-8.2,1526.89,1498.06
"399","OK금융그룹","우리카드",0.54,0,-9.2,9.2,1517.68,1507.27
"400","OK금융그룹","우리카드",0.51,0,-8.75,8.75,1508.93,1516.02
"401","OK금융그룹","우리카드",0.49,0,-8.33,8.33,1500.6,1524.35
"402","IBK기업은행","KGC인삼공사",0.58,0,-9.82,9.82,1483.91,1449.27
"403","IBK기업은행","KGC인삼공사",0.55,1,7.66,-7.66,1491.56,1441.62
"404","IBK기업은행","KGC인삼공사",0.57,0,-9.71,9.71,1481.85,1451.33
"405","IBK기업은행","KGC인삼공사",0.54,0,-9.24,9.24,1472.61,1460.58
"406","대한항공","KB손해보험",0.81,1,3.18,-3.18,1657.88,1396.44
"407","대한항공","KB손해보험",0.82,1,3.09,-3.09,1660.97,1393.36
"408","대한항공","KB손해보험",0.82,1,3,-3,1663.97,1390.36
"409","현대건설","한국도로공사",0.66,1,5.85,-5.85,1676.64,1552.9
"410","현대건설","한국도로공사",0.67,0,-11.41,11.41,1665.23,1564.31
"411","현대건설","한국도로공사",0.64,1,6.1,-6.1,1671.33,1558.21
"412","현대건설","한국도로공사",0.66,1,5.83,-5.83,1677.16,1552.38
"413","한국전력","현대캐피탈",0.38,0,-6.5,6.5,1463.01,1559.19
"414","한국전력","현대캐피탈",0.37,0,-6.21,6.21,1456.81,1565.4
"415","한국전력","현대캐피탈",0.35,1,11.07,-11.07,1467.88,1554.32
"416","한국전력","현대캐피탈",0.38,0,-6.43,6.43,1461.45,1560.75
"417","페퍼저축은행","GS칼텍스",0.2,0,-3.39,3.39,1272.83,1521.05
"418","페퍼저축은행","GS칼텍스",0.19,0,-3.29,3.29,1269.55,1524.34
"419","페퍼저축은행","GS칼텍스",0.19,0,-3.19,3.19,1266.36,1527.53
"420","삼성화재","OK금융그룹",0.36,0,-6.07,6.07,1392.44,1506.67
"421","삼성화재","OK금융그룹",0.34,1,11.2,-11.2,1403.64,1495.47
"422","삼성화재","OK금융그룹",0.37,1,10.7,-10.7,1414.34,1484.78
"423","삼성화재","OK금융그룹",0.4,1,10.2,-10.2,1424.54,1474.58
"424","흥국생명","IBK기업은행",0.6,1,6.79,-6.79,1550.19,1465.81
"425","흥국생명","IBK기업은행",0.62,1,6.48,-6.48,1556.66,1459.34
"426","흥국생명","IBK기업은행",0.64,1,6.18,-6.18,1562.84,1453.16
"427","대한항공","우리카드",0.69,1,5.26,-5.26,1669.23,1519.09
"428","대한항공","우리카드",0.7,1,5.04,-5.04,1674.27,1514.05
"429","대한항공","우리카드",0.72,1,4.84,-4.84,1679.11,1509.21
"430","KGC인삼공사","현대건설",0.22,0,-3.8,3.8,1456.78,1680.95
"431","KGC인삼공사","현대건설",0.22,1,13.33,-13.33,1470.11,1667.62
"432","KGC인삼공사","현대건설",0.24,1,12.87,-12.87,1482.98,1654.75
"433","KGC인삼공사","현대건설",0.27,0,-4.61,4.61,1478.37,1659.36
"434","KGC인삼공사","현대건설",0.26,1,12.57,-12.57,1490.94,1646.79
"435","KB손해보험","한국전력",0.4,1,10.22,-10.22,1400.57,1451.24
"436","KB손해보험","한국전력",0.43,0,-7.27,7.27,1393.3,1458.51
"437","KB손해보험","한국전력",0.41,1,10.08,-10.08,1403.38,1448.43
"438","KB손해보험","한국전력",0.44,1,9.6,-9.6,1412.98,1438.83
"439","한국도로공사","GS칼텍스",0.54,0,-9.11,9.11,1543.28,1536.63
"440","한국도로공사","GS칼텍스",0.51,0,-8.66,8.66,1534.61,1545.3
"441","한국도로공사","GS칼텍스",0.48,1,8.76,-8.76,1543.37,1536.53
"442","한국도로공사","GS칼텍스",0.51,0,-8.67,8.67,1534.71,1545.2
"443","현대캐피탈","OK금융그룹",0.62,0,-10.57,10.57,1550.19,1485.14
"444","현대캐피탈","OK금융그룹",0.59,0,-10.07,10.07,1540.11,1495.22
"445","현대캐피탈","OK금융그룹",0.56,1,7.41,-7.41,1547.52,1487.81
"446","현대캐피탈","OK금융그룹",0.59,0,-9.95,9.95,1537.57,1497.76
"447","페퍼저축은행","IBK기업은행",0.25,0,-4.32,4.32,1262.04,1457.48
"448","페퍼저축은행","IBK기업은행",0.25,1,12.83,-12.83,1274.87,1444.65
"449","페퍼저축은행","IBK기업은행",0.27,0,-4.65,4.65,1270.22,1449.3
"450","페퍼저축은행","IBK기업은행",0.26,0,-4.47,4.47,1265.75,1453.77
"451","대한항공","삼성화재",0.81,1,3.19,-3.19,1682.3,1421.35
"452","대한항공","삼성화재",0.82,1,3.1,-3.1,1685.39,1418.25
"453","대한항공","삼성화재",0.82,0,-13.99,13.99,1671.4,1432.25
"454","대한항공","삼성화재",0.8,0,-13.57,13.57,1657.82,1445.82
"455","대한항공","삼성화재",0.77,1,3.87,-3.87,1661.7,1441.95
"456","현대건설","흥국생명",0.62,1,6.49,-6.49,1653.28,1556.36
"457","현대건설","흥국생명",0.64,0,-10.81,10.81,1642.46,1567.17
"458","현대건설","흥국생명",0.61,0,-10.31,10.31,1632.15,1577.48
"459","현대건설","흥국생명",0.58,0,-9.83,9.83,1622.32,1587.31
"460","한국전력","우리카드",0.4,0,-6.8,6.8,1432.03,1516.01
"461","한국전력","우리카드",0.38,1,10.52,-10.52,1442.55,1505.5
"462","한국전력","우리카드",0.41,0,-6.98,6.98,1435.57,1512.48
"463","한국전력","우리카드",0.39,1,10.35,-10.35,1445.92,1502.12
"464","한국전력","우리카드",0.42,0,-7.14,7.14,1438.79,1509.26
"465","KGC인삼공사","GS칼텍스",0.42,0,-7.18,7.18,1483.76,1552.39
"466","KGC인삼공사","GS칼텍스",0.4,1,10.16,-10.16,1493.91,1542.23
"467","KGC인삼공사","GS칼텍스",0.43,1,9.67,-9.67,1503.59,1532.55
"468","KGC인삼공사","GS칼텍스",0.46,1,9.21,-9.21,1512.8,1523.35
"469","KB손해보험","현대캐피탈",0.33,0,-5.58,5.58,1407.4,1543.15
"470","KB손해보험","현대캐피탈",0.31,0,-5.34,5.34,1402.06,1548.49
"471","KB손해보험","현대캐피탈",0.3,0,-5.12,5.12,1396.95,1553.6
"472","한국도로공사","페퍼저축은행",0.82,0,-14.02,14.02,1520.69,1279.77
"473","한국도로공사","페퍼저축은행",0.8,1,3.4,-3.4,1524.09,1276.37
"474","한국도로공사","페퍼저축은행",0.81,0,-13.71,13.71,1510.38,1290.08
"475","한국도로공사","페퍼저축은행",0.78,0,-13.27,13.27,1497.11,1303.35
"476","OK금융그룹","대한항공",0.28,1,12.24,-12.24,1509.99,1649.46
"477","OK금융그룹","대한항공",0.31,1,11.74,-11.74,1521.73,1637.72
"478","OK금융그룹","대한항공",0.34,1,11.24,-11.24,1532.97,1626.48
"479","IBK기업은행","현대건설",0.27,0,-4.67,4.67,1449.1,1627
"480","IBK기업은행","현대건설",0.26,0,-4.49,4.49,1444.6,1631.49
"481","IBK기업은행","현대건설",0.25,0,-4.32,4.32,1440.28,1635.81
"482","우리카드","KB손해보험",0.66,1,5.84,-5.84,1515.11,1391.1
"483","우리카드","KB손해보험",0.67,1,5.59,-5.59,1520.69,1385.51
"484","우리카드","KB손해보험",0.69,1,5.35,-5.35,1526.04,1380.16
"485","KGC인삼공사","한국도로공사",0.52,0,-8.88,8.88,1503.91,1506
"486","KGC인삼공사","한국도로공사",0.5,1,8.55,-8.55,1512.46,1497.45
"487","KGC인삼공사","한국도로공사",0.52,0,-8.87,8.87,1503.6,1506.31
"488","KGC인삼공사","한국도로공사",0.5,1,8.57,-8.57,1512.16,1497.75
"489","KGC인삼공사","한국도로공사",0.52,0,-8.85,8.85,1503.31,1506.6
"490","대한항공","OK금융그룹",0.63,1,6.27,-6.27,1632.75,1526.7
"491","대한항공","OK금융그룹",0.65,1,5.98,-5.98,1638.73,1520.72
"492","대한항공","OK금융그룹",0.66,1,5.72,-5.72,1644.45,1515
"493","현대건설","IBK기업은행",0.76,1,4.16,-4.16,1639.98,1436.12
"494","현대건설","IBK기업은행",0.76,1,4.02,-4.02,1643.99,1432.1
"495","현대건설","IBK기업은행",0.77,1,3.88,-3.88,1647.87,1428.22
"496","삼성화재","한국전력",0.5,0,-8.58,8.58,1433.37,1447.36
"497","삼성화재","한국전력",0.48,1,8.84,-8.84,1442.21,1438.52
"498","삼성화재","한국전력",0.51,0,-8.59,8.59,1433.62,1447.11
"499","삼성화재","한국전력",0.48,1,8.83,-8.83,1442.45,1438.28
"500","삼성화재","한국전력",0.51,1,8.4,-8.4,1450.85,1429.88
"501","흥국생명","GS칼텍스",0.59,0,-10.05,10.05,1577.26,1533.39
"502","흥국생명","GS칼텍스",0.56,1,7.43,-7.43,1584.69,1525.96
"503","흥국생명","GS칼텍스",0.58,1,7.08,-7.08,1591.77,1518.88
"504","흥국생명","GS칼텍스",0.6,0,-10.26,10.26,1581.51,1529.14
"505","흥국생명","GS칼텍스",0.57,1,7.23,-7.23,1588.74,1521.91
"506","KB손해보험","우리카드",0.3,1,11.87,-11.87,1392.04,1514.17
"507","KB손해보험","우리카드",0.33,1,11.37,-11.37,1403.41,1502.8
"508","KB손해보험","우리카드",0.36,1,10.87,-10.87,1414.27,1491.93
"509","한국도로공사","KGC인삼공사",0.5,1,8.42,-8.42,1515.02,1494.89
"510","한국도로공사","KGC인삼공사",0.53,1,8.01,-8.01,1523.03,1486.88
"511","한국도로공사","KGC인삼공사",0.55,0,-9.38,9.38,1513.65,1496.26
"512","한국도로공사","KGC인삼공사",0.52,1,8.08,-8.08,1521.72,1488.19
"513","대한항공","현대캐피탈",0.63,0,-10.67,10.67,1633.78,1564.28
"514","대한항공","현대캐피탈",0.6,1,6.82,-6.82,1640.6,1557.46
"515","대한항공","현대캐피탈",0.62,1,6.5,-6.5,1647.1,1550.95
"516","대한항공","현대캐피탈",0.63,0,-10.79,10.79,1636.31,1561.75
"517","대한항공","현대캐피탈",0.61,1,6.7,-6.7,1643.01,1555.04
"518","현대건설","페퍼저축은행",0.88,1,2.06,-2.06,1649.92,1301.29
"519","현대건설","페퍼저축은행",0.88,1,2.01,-2.01,1651.94,1299.28
"520","현대건설","페퍼저축은행",0.88,1,1.97,-1.97,1653.91,1297.3
"521","OK금융그룹","삼성화재",0.59,1,6.95,-6.95,1521.95,1443.9
"522","OK금융그룹","삼성화재",0.61,1,6.62,-6.62,1528.57,1437.28
"523","OK금융그룹","삼성화재",0.63,1,6.32,-6.32,1534.89,1430.96
"524","IBK기업은행","흥국생명",0.28,0,-4.83,4.83,1423.39,1593.57
"525","IBK기업은행","흥국생명",0.27,0,-4.64,4.64,1418.75,1598.21
"526","IBK기업은행","흥국생명",0.26,1,12.54,-12.54,1431.29,1585.67
"527","IBK기업은행","흥국생명",0.29,0,-4.95,4.95,1426.34,1590.63
"528","GS칼텍스","KGC인삼공사",0.55,1,7.68,-7.68,1529.59,1480.51
"529","GS칼텍스","KGC인삼공사",0.57,0,-9.69,9.69,1519.9,1490.2
"530","GS칼텍스","KGC인삼공사",0.54,1,7.78,-7.78,1527.67,1482.43
"531","GS칼텍스","KGC인삼공사",0.56,0,-9.6,9.6,1518.07,1492.03
"532","GS칼텍스","KGC인삼공사",0.54,1,7.86,-7.86,1525.94,1484.16
"533","우리카드","한국전력",0.59,0,-10,10,1481.93,1439.89
"534","우리카드","한국전력",0.56,1,7.48,-7.48,1489.41,1432.41
"535","우리카드","한국전력",0.58,0,-9.88,9.88,1479.53,1442.29
"536","우리카드","한국전력",0.55,1,7.59,-7.59,1487.12,1434.7
"537","우리카드","한국전력",0.57,0,-9.77,9.77,1477.35,1444.47
"538","삼성화재","대한항공",0.23,0,-3.87,3.87,1427.09,1646.89
"539","삼성화재","대한항공",0.22,0,-3.74,3.74,1423.35,1650.63
"540","삼성화재","대한항공",0.21,1,13.38,-13.38,1436.73,1637.25
"541","삼성화재","대한항공",0.24,0,-4.08,4.08,1432.66,1641.32
"542","흥국생명","현대건설",0.41,0,-6.97,6.97,1583.66,1660.88
"543","흥국생명","현대건설",0.39,0,-6.64,6.64,1577.02,1667.52
"544","흥국생명","현대건설",0.37,1,10.67,-10.67,1587.68,1656.86
"545","흥국생명","현대건설",0.4,1,10.17,-10.17,1597.85,1646.69
"546","흥국생명","현대건설",0.43,0,-7.31,7.31,1590.54,1654
"547","현대캐피탈","KB손해보험",0.69,1,5.23,-5.23,1560.28,1409.04
"548","현대캐피탈","KB손해보험",0.7,0,-11.98,11.98,1548.29,1421.02
"549","현대캐피탈","KB손해보험",0.68,1,5.52,-5.52,1553.81,1415.51
"550","현대캐피탈","KB손해보험",0.69,1,5.28,-5.28,1559.1,1410.22
"551","페퍼저축은행","한국도로공사",0.22,0,-3.66,3.66,1293.64,1525.38
"552","페퍼저축은행","한국도로공사",0.21,0,-3.54,3.54,1290.09,1528.93
"553","페퍼저축은행","한국도로공사",0.2,0,-3.43,3.43,1286.66,1532.36
"554","한국전력","OK금융그룹",0.37,1,10.66,-10.66,1455.14,1524.23
"555","한국전력","OK금융그룹",0.4,1,10.17,-10.17,1465.3,1514.06
"556","한국전력","OK금융그룹",0.43,1,9.68,-9.68,1474.99,1504.37
"557","GS칼텍스","IBK기업은행",0.64,1,6.13,-6.13,1532.06,1420.21
"558","GS칼텍스","IBK기업은행",0.66,1,5.85,-5.85,1537.92,1414.36
"559","GS칼텍스","IBK기업은행",0.67,1,5.6,-5.6,1543.52,1408.76
"560","우리카드","대한항공",0.28,0,-4.76,4.76,1472.58,1646.08
"561","우리카드","대한항공",0.27,1,12.42,-12.42,1485.01,1633.66
"562","우리카드","대한항공",0.3,1,11.93,-11.93,1496.94,1621.73
"563","우리카드","대한항공",0.33,0,-5.57,5.57,1491.37,1627.3
"564","우리카드","대한항공",0.31,1,11.67,-11.67,1503.03,1615.63
"565","현대건설","KGC인삼공사",0.73,0,-12.35,12.35,1641.65,1496.52
"566","현대건설","KGC인삼공사",0.7,1,5.14,-5.14,1646.79,1491.37
"567","현대건설","KGC인삼공사",0.71,1,4.93,-4.93,1651.72,1486.44
"568","현대건설","KGC인삼공사",0.72,1,4.74,-4.74,1656.46,1481.71
"569","현대캐피탈","삼성화재",0.67,1,5.54,-5.54,1564.63,1427.12
"570","현대캐피탈","삼성화재",0.69,0,-11.7,11.7,1552.93,1438.82
"571","현대캐피탈","삼성화재",0.66,1,5.8,-5.8,1558.74,1433.01
"572","현대캐피탈","삼성화재",0.67,1,5.55,-5.55,1564.29,1427.46
"573","페퍼저축은행","흥국생명",0.15,0,-2.52,2.52,1284.14,1593.06
"574","페퍼저축은행","흥국생명",0.14,1,14.54,-14.54,1298.69,1578.51
"575","페퍼저축은행","흥국생명",0.17,0,-2.83,2.83,1295.86,1581.34
"576","페퍼저축은행","흥국생명",0.16,0,-2.75,2.75,1293.1,1584.1
"577","OK금융그룹","KB손해보험",0.63,1,6.25,-6.25,1510.62,1403.97
"578","OK금융그룹","KB손해보험",0.65,0,-11.03,11.03,1499.59,1415
"579","OK금융그룹","KB손해보험",0.62,1,6.47,-6.47,1506.06,1408.53
"580","OK금융그룹","KB손해보험",0.64,1,6.17,-6.17,1512.24,1402.35
"581","IBK기업은행","한국도로공사",0.33,1,11.4,-11.4,1420.16,1520.96
"582","IBK기업은행","한국도로공사",0.36,1,10.9,-10.9,1431.06,1510.06
"583","IBK기업은행","한국도로공사",0.39,1,10.4,-10.4,1441.46,1499.66
"584","우리카드","현대캐피탈",0.41,0,-7.02,7.02,1496.01,1571.31
"585","우리카드","현대캐피탈",0.39,1,10.31,-10.31,1506.33,1560.99
"586","우리카드","현대캐피탈",0.42,1,9.83,-9.83,1516.15,1551.17
"587","우리카드","현대캐피탈",0.45,1,9.35,-9.35,1525.51,1541.81
"588","KGC인삼공사","페퍼저축은행",0.75,1,4.29,-4.29,1486,1288.81
"589","KGC인삼공사","페퍼저축은행",0.76,0,-12.87,12.87,1473.13,1301.68
"590","KGC인삼공사","페퍼저축은행",0.73,1,4.62,-4.62,1477.75,1297.06
"591","KGC인삼공사","페퍼저축은행",0.74,1,4.44,-4.44,1482.19,1292.62
"592","한국전력","대한항공",0.31,0,-5.24,5.24,1469.75,1620.87
"593","한국전력","대한항공",0.3,1,11.98,-11.98,1481.73,1608.89
"594","한국전력","대한항공",0.32,0,-5.52,5.52,1476.21,1614.41
"595","한국전력","대한항공",0.31,1,11.71,-11.71,1487.93,1602.7
"596","한국전력","대한항공",0.34,0,-5.79,5.79,1482.14,1608.49
"597","GS칼텍스","현대건설",0.34,1,11.17,-11.17,1554.69,1645.29
"598","GS칼텍스","현대건설",0.37,0,-6.33,6.33,1548.35,1651.62
"599","GS칼텍스","현대건설",0.36,0,-6.05,6.05,1542.31,1657.67
"600","GS칼텍스","현대건설",0.34,1,11.22,-11.22,1553.53,1646.44
"601","GS칼텍스","현대건설",0.37,1,10.72,-10.72,1564.25,1635.72
"602","KB손해보험","삼성화재",0.46,1,9.11,-9.11,1411.47,1418.35
"603","KB손해보험","삼성화재",0.49,1,8.67,-8.67,1420.14,1409.68
"604","KB손해보험","삼성화재",0.52,0,-8.76,8.76,1411.38,1418.44
"605","KB손해보험","삼성화재",0.49,1,8.67,-8.67,1420.05,1409.76
"606","한국도로공사","흥국생명",0.38,0,-6.47,6.47,1493.18,1590.57
"607","한국도로공사","흥국생명",0.36,0,-6.18,6.18,1487.01,1596.75
"608","한국도로공사","흥국생명",0.35,0,-5.9,5.9,1481.11,1602.65
"609","우리카드","OK금융그룹",0.52,0,-8.82,8.82,1516.68,1521.06
"610","우리카드","OK금융그룹",0.49,1,8.61,-8.61,1525.29,1512.46
"611","우리카드","OK금융그룹",0.52,0,-8.81,8.81,1516.48,1521.27
"612","우리카드","OK금융그룹",0.49,1,8.62,-8.62,1525.09,1512.65
"613","우리카드","OK금융그룹",0.52,1,8.2,-8.2,1533.29,1504.46
"614","KGC인삼공사","IBK기업은행",0.56,1,7.51,-7.51,1489.7,1433.95
"615","KGC인삼공사","IBK기업은행",0.58,1,7.15,-7.15,1496.84,1426.8
"616","KGC인삼공사","IBK기업은행",0.6,1,6.81,-6.81,1503.65,1419.99
"617","현대캐피탈","한국전력",0.59,1,7.05,-7.05,1548.87,1475.08
"618","현대캐피탈","한국전력",0.6,0,-10.28,10.28,1538.59,1485.36
"619","현대캐피탈","한국전력",0.58,0,-9.79,9.79,1528.8,1495.15
"620","현대캐피탈","한국전력",0.55,0,-9.32,9.32,1519.47,1504.47
"621","페퍼저축은행","GS칼텍스",0.17,1,14.06,-14.06,1306.68,1550.2
"622","페퍼저축은행","GS칼텍스",0.2,0,-3.36,3.36,1303.32,1553.55
"623","페퍼저축은행","GS칼텍스",0.19,1,13.74,-13.74,1317.07,1539.81
"624","페퍼저축은행","GS칼텍스",0.22,1,13.31,-13.31,1330.37,1526.5
"625","KB손해보험","대한항공",0.25,1,12.71,-12.71,1432.76,1595.78
"626","KB손해보험","대한항공",0.28,1,12.22,-12.22,1444.98,1583.56
"627","KB손해보험","대한항공",0.31,1,11.72,-11.72,1456.7,1571.84
"628","한국도로공사","현대건설",0.29,1,12.05,-12.05,1493.16,1623.67
"629","한국도로공사","현대건설",0.32,1,11.55,-11.55,1504.71,1612.12
"630","한국도로공사","현대건설",0.35,0,-5.95,5.95,1498.75,1618.07
"631","한국도로공사","현대건설",0.33,1,11.31,-11.31,1510.06,1606.76
"632","삼성화재","우리카드",0.33,1,11.4,-11.4,1421.16,1521.89
"633","삼성화재","우리카드",0.36,0,-6.1,6.1,1415.06,1527.99
"634","삼성화재","우리카드",0.34,0,-5.83,5.83,1409.23,1533.82
"635","삼성화재","우리카드",0.33,1,11.42,-11.42,1420.66,1522.4
"636","삼성화재","우리카드",0.36,1,10.92,-10.92,1431.58,1511.48
"637","흥국생명","KGC인삼공사",0.64,0,-10.86,10.86,1591.79,1514.51
"638","흥국생명","KGC인삼공사",0.61,0,-10.36,10.36,1581.43,1524.87
"639","흥국생명","KGC인삼공사",0.58,1,7.13,-7.13,1588.56,1517.74
"640","흥국생명","KGC인삼공사",0.6,0,-10.21,10.21,1578.35,1527.95
"641","OK금융그룹","현대캐피탈",0.48,0,-8.13,8.13,1496.32,1527.61
"642","OK금융그룹","현대캐피탈",0.46,0,-7.74,7.74,1488.59,1535.34
"643","OK금융그룹","현대캐피탈",0.43,0,-7.36,7.36,1481.22,1542.71
"644","IBK기업은행","페퍼저축은행",0.63,1,6.35,-6.35,1426.35,1324.02
"645","IBK기업은행","페퍼저축은행",0.64,1,6.07,-6.07,1432.41,1317.95
"646","IBK기업은행","페퍼저축은행",0.66,1,5.8,-5.8,1438.21,1312.16
"647","한국전력","KB손해보험",0.57,1,7.34,-7.34,1511.81,1449.36
"648","한국전력","KB손해보험",0.59,1,6.99,-6.99,1518.8,1442.37
"649","한국전력","KB손해보험",0.61,0,-10.34,10.34,1508.46,1452.71
"650","한국전력","KB손해보험",0.58,0,-9.85,9.85,1498.61,1462.56
"651","한국전력","KB손해보험",0.55,1,7.62,-7.62,1506.23,1454.94
"652","GS칼텍스","한국도로공사",0.52,1,8.1,-8.1,1534.6,1501.97
"653","GS칼텍스","한국도로공사",0.55,0,-9.3,9.3,1525.3,1511.26
"654","GS칼텍스","한국도로공사",0.52,0,-8.84,8.84,1516.46,1520.11
"655","GS칼텍스","한국도로공사",0.49,0,-8.41,8.41,1508.05,1528.52
"656","우리카드","KB손해보험",0.58,1,7.13,-7.13,1518.61,1447.81
"657","우리카드","KB손해보험",0.6,1,6.79,-6.79,1525.4,1441.02
"658","우리카드","KB손해보험",0.62,0,-10.52,10.52,1514.87,1451.55
"659","우리카드","KB손해보험",0.59,0,-10.03,10.03,1504.84,1461.58
"660","우리카드","KB손해보험",0.56,0,-9.55,9.55,1495.29,1471.13
"661","KGC인삼공사","한국도로공사",0.5,0,-8.49,8.49,1519.47,1537
"662","KGC인삼공사","한국도로공사",0.47,0,-8.07,8.07,1511.39,1545.07
"663","KGC인삼공사","한국도로공사",0.45,0,-7.68,7.68,1503.72,1552.75
"664","현대캐피탈","OK금융그룹",0.59,1,7.01,-7.01,1549.72,1474.21
"665","현대캐피탈","OK금융그룹",0.61,1,6.68,-6.68,1556.4,1467.53
"666","현대캐피탈","OK금융그룹",0.63,0,-10.63,10.63,1545.77,1478.16
"667","현대캐피탈","OK금융그룹",0.6,1,6.87,-6.87,1552.64,1471.29
"668","페퍼저축은행","IBK기업은행",0.33,1,11.46,-11.46,1323.61,1426.76
"669","페퍼저축은행","IBK기업은행",0.36,0,-6.05,6.05,1317.56,1432.8
"670","페퍼저축은행","IBK기업은행",0.34,0,-5.78,5.78,1311.78,1438.58
"671","페퍼저축은행","IBK기업은행",0.33,0,-5.53,5.53,1306.26,1444.11
"672","대한항공","한국전력",0.59,1,6.91,-6.91,1578.75,1499.31
"673","대한항공","한국전력",0.61,0,-10.41,10.41,1568.34,1509.73
"674","대한항공","한국전력",0.58,0,-9.92,9.92,1558.42,1519.65
"675","대한항공","한국전력",0.56,0,-9.44,9.44,1548.98,1529.09
"676","현대건설","GS칼텍스",0.64,1,6.15,-6.15,1612.91,1501.9
"677","현대건설","GS칼텍스",0.65,1,5.87,-5.87,1618.78,1496.03
"678","현대건설","GS칼텍스",0.67,1,5.62,-5.62,1624.4,1490.41
"679","우리카드","삼성화재",0.59,0,-10.04,10.04,1485.25,1441.62
"680","우리카드","삼성화재",0.56,0,-9.56,9.56,1475.69,1451.18
"681","우리카드","삼성화재",0.54,0,-9.1,9.1,1466.59,1460.28
"682","KGC인삼공사","흥국생명",0.39,0,-6.7,6.7,1497.01,1585.05
"683","KGC인삼공사","흥국생명",0.38,0,-6.39,6.39,1490.62,1591.44
"684","KGC인삼공사","흥국생명",0.36,0,-6.1,6.1,1484.52,1597.55
"685","KB손해보험","OK금융그룹",0.5,1,8.5,-8.5,1479.64,1462.79
"686","KB손해보험","OK금융그룹",0.52,1,8.09,-8.09,1487.72,1454.7
"687","KB손해보험","OK금융그룹",0.55,1,7.69,-7.69,1495.42,1447.01
"688","한국도로공사","IBK기업은행",0.65,1,5.93,-5.93,1558.68,1438.19
"689","한국도로공사","IBK기업은행",0.67,1,5.66,-5.66,1564.34,1432.52
"690","한국도로공사","IBK기업은행",0.68,0,-11.58,11.58,1552.76,1444.1
"691","한국도로공사","IBK기업은행",0.65,1,5.92,-5.92,1558.69,1438.18
"692","한국전력","현대캐피탈",0.47,0,-7.92,7.92,1521.17,1560.56
"693","한국전력","현대캐피탈",0.44,1,9.46,-9.46,1530.63,1551.1
"694","한국전력","현대캐피탈",0.47,1,9,-9,1539.63,1542.1
"695","한국전력","현대캐피탈",0.5,1,8.56,-8.56,1548.19,1533.54
"696","GS칼텍스","페퍼저축은행",0.74,1,4.37,-4.37,1494.79,1301.88
"697","GS칼텍스","페퍼저축은행",0.75,1,4.21,-4.21,1499,1297.67
"698","GS칼텍스","페퍼저축은행",0.76,1,4.06,-4.06,1503.06,1293.61
"699","대한항공","삼성화재",0.62,1,6.38,-6.38,1555.35,1453.9
"700","대한항공","삼성화재",0.64,1,6.09,-6.09,1561.44,1447.82
"701","대한항공","삼성화재",0.66,0,-11.18,11.18,1550.26,1459
"702","대한항공","삼성화재",0.63,0,-10.68,10.68,1539.57,1469.68
"703","대한항공","삼성화재",0.6,0,-10.19,10.19,1529.39,1479.87
"704","현대건설","흥국생명",0.54,0,-9.16,9.16,1615.24,1606.7
"705","현대건설","흥국생명",0.51,0,-8.71,8.71,1606.54,1615.41
"706","현대건설","흥국생명",0.49,0,-8.28,8.28,1598.25,1623.69
"707","OK금융그룹","우리카드",0.47,1,8.98,-8.98,1455.98,1457.61
"708","OK금융그룹","우리카드",0.5,0,-8.46,8.46,1447.52,1466.07
"709","OK금융그룹","우리카드",0.47,1,8.95,-8.95,1456.48,1457.12
"710","OK금융그룹","우리카드",0.5,0,-8.48,8.48,1447.99,1465.6
"711","OK금융그룹","우리카드",0.47,1,8.93,-8.93,1456.92,1456.67
"712","IBK기업은행","KGC인삼공사",0.43,0,-7.37,7.37,1430.8,1491.9
"713","IBK기업은행","KGC인삼공사",0.41,0,-7.02,7.02,1423.78,1498.92
"714","IBK기업은행","KGC인삼공사",0.39,0,-6.69,6.69,1417.09,1505.61
"715","KB손해보험","한국전력",0.42,0,-7.22,7.22,1488.2,1555.41
"716","KB손해보험","한국전력",0.4,1,10.12,-10.12,1498.32,1545.28
"717","KB손해보험","한국전력",0.43,0,-7.36,7.36,1490.97,1552.64
"718","KB손해보험","한국전력",0.41,1,9.99,-9.99,1500.96,1542.65
"719","KB손해보험","한국전력",0.44,1,9.52,-9.52,1510.47,1533.13
"720","한국도로공사","GS칼텍스",0.58,0,-9.85,9.85,1548.84,1512.91
"721","한국도로공사","GS칼텍스",0.55,0,-9.38,9.38,1539.46,1522.28
"722","한국도로공사","GS칼텍스",0.52,1,8.08,-8.08,1547.54,1514.2
"723","한국도로공사","GS칼텍스",0.55,0,-9.31,9.31,1538.23,1523.52
"724","현대캐피탈","대한항공",0.51,0,-8.6,8.6,1524.94,1537.99
"725","현대캐피탈","대한항공",0.48,1,8.82,-8.82,1533.76,1529.17
"726","현대캐피탈","대한항공",0.51,1,8.39,-8.39,1542.15,1520.78
"727","현대캐피탈","대한항공",0.53,1,7.98,-7.98,1550.13,1512.8
"728","페퍼저축은행","현대건설",0.15,0,-2.51,2.51,1291.1,1600.76
"729","페퍼저축은행","현대건설",0.14,1,14.55,-14.55,1305.65,1586.21
"730","페퍼저축은행","현대건설",0.17,0,-2.82,2.82,1302.83,1589.03
"731","페퍼저축은행","현대건설",0.16,1,14.26,-14.26,1317.09,1574.77
"732","페퍼저축은행","현대건설",0.18,1,13.86,-13.86,1330.94,1560.92
"733","삼성화재","OK금융그룹",0.53,1,7.94,-7.94,1487.81,1448.98
"734","삼성화재","OK금융그룹",0.56,1,7.55,-7.55,1495.36,1441.43
"735","삼성화재","OK금융그룹",0.58,1,7.19,-7.19,1502.55,1434.24
"736","흥국생명","IBK기업은행",0.77,0,-13.03,13.03,1610.66,1430.12
"737","흥국생명","IBK기업은행",0.74,0,-12.56,12.56,1598.1,1442.68
"738","흥국생명","IBK기업은행",0.71,1,4.93,-4.93,1603.03,1437.75
"739","흥국생명","IBK기업은행",0.72,0,-12.26,12.26,1590.77,1450.01
"740","한국전력","우리카드",0.61,0,-10.34,10.34,1522.79,1467.01
"741","한국전력","우리카드",0.58,0,-9.85,9.85,1512.94,1476.86
"742","한국전력","우리카드",0.55,1,7.62,-7.62,1520.56,1469.24
"743","한국전력","우리카드",0.57,1,7.25,-7.25,1527.81,1461.99
"744","한국전력","우리카드",0.59,1,6.91,-6.91,1534.72,1455.08
"745","GS칼텍스","KGC인삼공사",0.53,0,-8.94,8.94,1514.58,1514.54
"746","GS칼텍스","KGC인삼공사",0.5,0,-8.5,8.5,1506.08,1523.04
"747","GS칼텍스","KGC인삼공사",0.48,1,8.91,-8.91,1514.99,1514.13
"748","GS칼텍스","KGC인삼공사",0.5,0,-8.52,8.52,1506.47,1522.65
"749","대한항공","KB손해보험",0.5,1,8.44,-8.44,1521.25,1502.03
"750","대한항공","KB손해보험",0.53,0,-8.97,8.97,1512.28,1511
"751","대한항공","KB손해보험",0.5,1,8.47,-8.47,1520.75,1502.53
"752","대한항공","KB손해보험",0.53,1,8.05,-8.05,1528.8,1494.48
"753","현대건설","한국도로공사",0.53,1,7.95,-7.95,1568.86,1530.28
"754","현대건설","한국도로공사",0.56,0,-9.44,9.44,1559.42,1539.72
"755","현대건설","한국도로공사",0.53,0,-8.98,8.98,1550.44,1548.71
"756","현대건설","한국도로공사",0.5,0,-8.54,8.54,1541.9,1557.25
"757","삼성화재","현대캐피탈",0.43,0,-7.34,7.34,1495.21,1557.47
"758","삼성화재","현대캐피탈",0.41,1,10.01,-10.01,1505.22,1547.46
"759","삼성화재","현대캐피탈",0.44,0,-7.47,7.47,1497.75,1554.93
"760","삼성화재","현대캐피탈",0.42,0,-7.11,7.11,1490.63,1562.05
"761","흥국생명","페퍼저축은행",0.82,1,3.11,-3.11,1593.88,1327.83
"762","흥국생명","페퍼저축은행",0.82,1,3.02,-3.02,1596.91,1324.81
"763","흥국생명","페퍼저축은행",0.83,1,2.94,-2.94,1599.84,1321.87
"764","OK금융그룹","한국전력",0.36,1,10.89,-10.89,1445.13,1523.83
"765","OK금융그룹","한국전력",0.39,1,10.39,-10.39,1455.52,1513.44
"766","OK금융그룹","한국전력",0.42,0,-7.1,7.1,1448.43,1520.53
"767","OK금융그룹","한국전력",0.4,0,-6.76,6.76,1441.67,1527.29
"768","OK금융그룹","한국전력",0.38,1,10.55,-10.55,1452.22,1516.74
"769","IBK기업은행","GS칼텍스",0.42,1,9.87,-9.87,1459.88,1496.6
"770","IBK기업은행","GS칼텍스",0.45,0,-7.6,7.6,1452.28,1504.21
"771","IBK기업은행","GS칼텍스",0.43,1,9.76,-9.76,1462.04,1494.45
"772","IBK기업은행","GS칼텍스",0.45,1,9.29,-9.29,1471.33,1485.16
"773","우리카드","대한항공",0.4,1,10.28,-10.28,1465.36,1518.52
"774","우리카드","대한항공",0.42,1,9.79,-9.79,1475.15,1508.73
"775","우리카드","대한항공",0.45,1,9.32,-9.32,1484.47,1499.41
"776","KGC인삼공사","현대건설",0.47,1,8.97,-8.97,1531.62,1532.93
"777","KGC인삼공사","현대건설",0.5,1,8.53,-8.53,1540.15,1524.4
"778","KGC인삼공사","현대건설",0.52,0,-8.89,8.89,1531.27,1533.28
"779","KGC인삼공사","현대건설",0.5,0,-8.45,8.45,1522.82,1541.73
"780","KGC인삼공사","현대건설",0.47,1,8.96,-8.96,1531.78,1532.77
"781","KB손해보험","현대캐피탈",0.4,0,-6.87,6.87,1487.61,1568.91
"782","KB손해보험","현대캐피탈",0.39,0,-6.55,6.55,1481.06,1575.46
"783","KB손해보험","현대캐피탈",0.37,1,10.75,-10.75,1491.82,1564.71
"784","KB손해보험","현대캐피탈",0.4,0,-6.74,6.74,1485.08,1571.45
"785","한국도로공사","페퍼저축은행",0.79,1,3.49,-3.49,1560.73,1318.39
"786","한국도로공사","페퍼저축은행",0.8,0,-13.62,13.62,1547.11,1332.01
"787","한국도로공사","페퍼저축은행",0.78,1,3.82,-3.82,1550.93,1328.19
"788","한국도로공사","페퍼저축은행",0.78,0,-13.31,13.31,1537.62,1341.5
"789","한국도로공사","페퍼저축은행",0.76,0,-12.85,12.85,1524.78,1354.34
"790","한국전력","삼성화재",0.54,0,-9.14,9.14,1507.6,1499.77
"791","한국전력","삼성화재",0.51,1,8.31,-8.31,1515.91,1491.46
"792","한국전력","삼성화재",0.54,0,-9.1,9.1,1506.81,1500.56
"793","한국전력","삼성화재",0.51,1,8.35,-8.35,1515.16,1492.21
"794","한국전력","삼성화재",0.53,1,7.94,-7.94,1523.1,1484.27
"795","GS칼텍스","흥국생명",0.34,1,11.21,-11.21,1496.36,1588.63
"796","GS칼텍스","흥국생명",0.37,0,-6.29,6.29,1490.07,1594.93
"797","GS칼텍스","흥국생명",0.35,0,-6.01,6.01,1484.06,1600.94
"798","GS칼텍스","흥국생명",0.34,0,-5.74,5.74,1478.32,1606.68
"799","현대캐피탈","우리카드",0.62,1,6.42,-6.42,1577.86,1478.05
"800","현대캐피탈","우리카드",0.64,1,6.12,-6.12,1583.99,1471.93
"801","현대캐피탈","우리카드",0.66,1,5.85,-5.85,1589.84,1466.08
"802","페퍼저축은행","KGC인삼공사",0.26,1,12.5,-12.5,1366.84,1519.28
"803","페퍼저축은행","KGC인삼공사",0.29,0,-4.99,4.99,1361.85,1524.27
"804","페퍼저축은행","KGC인삼공사",0.28,0,-4.79,4.79,1357.06,1529.07
"805","페퍼저축은행","KGC인삼공사",0.27,0,-4.6,4.6,1352.45,1533.67
"806","OK금융그룹","대한항공",0.43,0,-7.35,7.35,1444.87,1506.77
"807","OK금융그룹","대한항공",0.41,0,-7,7,1437.87,1513.77
"808","OK금융그룹","대한항공",0.39,0,-6.67,6.67,1431.19,1520.44
"809","IBK기업은행","현대건설",0.41,1,9.99,-9.99,1481.32,1522.78
"810","IBK기업은행","현대건설",0.44,1,9.51,-9.51,1490.83,1513.27
"811","IBK기업은행","현대건설",0.47,1,9.05,-9.05,1499.88,1504.22
"812","삼성화재","KB손해보험",0.5,1,8.52,-8.52,1492.79,1476.56
"813","삼성화재","KB손해보험",0.52,0,-8.9,8.9,1483.9,1485.45
"814","삼성화재","KB손해보험",0.5,0,-8.46,8.46,1475.43,1493.91
"815","삼성화재","KB손해보험",0.47,0,-8.05,8.05,1467.39,1501.96
"816","흥국생명","한국도로공사",0.62,1,6.53,-6.53,1613.21,1518.25
"817","흥국생명","한국도로공사",0.63,1,6.23,-6.23,1619.45,1512.01
"818","흥국생명","한국도로공사",0.65,1,5.95,-5.95,1625.4,1506.06
"819","우리카드","현대캐피탈",0.33,0,-5.59,5.59,1460.48,1595.43
"820","우리카드","현대캐피탈",0.32,0,-5.36,5.36,1455.13,1600.79
"821","우리카드","현대캐피탈",0.3,0,-5.13,5.13,1450,1605.92
"822","KGC인삼공사","페퍼저축은행",0.74,1,4.43,-4.43,1538.1,1348.02
"823","KGC인삼공사","페퍼저축은행",0.75,1,4.26,-4.26,1542.36,1343.76
"824","KGC인삼공사","페퍼저축은행",0.76,0,-12.89,12.89,1529.47,1356.65
"825","KGC인삼공사","페퍼저축은행",0.73,1,4.59,-4.59,1534.06,1352.06
"826","대한항공","OK금융그룹",0.63,1,6.36,-6.36,1526.8,1424.83
"827","대한항공","OK금융그룹",0.64,1,6.07,-6.07,1532.88,1418.76
"828","대한항공","OK금융그룹",0.66,1,5.8,-5.8,1538.68,1412.95
"829","현대건설","IBK기업은행",0.51,0,-8.61,8.61,1495.62,1508.48
"830","현대건설","IBK기업은행",0.48,1,8.81,-8.81,1504.43,1499.67
"831","현대건설","IBK기업은행",0.51,0,-8.62,8.62,1495.82,1508.28
"832","현대건설","IBK기업은행",0.48,1,8.8,-8.8,1504.62,1499.48
"833","현대건설","IBK기업은행",0.51,1,8.37,-8.37,1513,1491.11
"834","한국전력","삼성화재",0.58,1,7.15,-7.15,1530.25,1460.24
"835","한국전력","삼성화재",0.6,1,6.81,-6.81,1537.06,1453.43
"836","한국전력","삼성화재",0.62,1,6.49,-6.49,1543.55,1446.93
"837","GS칼텍스","흥국생명",0.3,1,11.9,-11.9,1490.21,1613.5
"838","GS칼텍스","흥국생명",0.33,0,-5.6,5.6,1484.61,1619.11
"839","GS칼텍스","흥국생명",0.32,0,-5.36,5.36,1479.25,1624.47
"840","GS칼텍스","흥국생명",0.3,1,11.86,-11.86,1491.11,1612.61
"841","GS칼텍스","흥국생명",0.33,1,11.36,-11.36,1502.46,1601.25
"842","KB손해보험","우리카드",0.57,0,-9.76,9.76,1492.2,1459.76
"843","KB손해보험","우리카드",0.55,0,-9.29,9.29,1482.91,1469.05
"844","KB손해보험","우리카드",0.52,1,8.16,-8.16,1491.07,1460.89
"845","KB손해보험","우리카드",0.54,0,-9.24,9.24,1481.83,1470.13
"846","한국도로공사","KGC인삼공사",0.46,0,-7.82,7.82,1498.24,1541.88
"847","한국도로공사","KGC인삼공사",0.44,1,9.56,-9.56,1507.81,1532.32
"848","한국도로공사","KGC인삼공사",0.46,1,9.1,-9.1,1516.9,1523.22
"849","한국도로공사","KGC인삼공사",0.49,0,-8.35,8.35,1508.56,1531.56
"850","한국도로공사","KGC인삼공사",0.47,0,-7.94,7.94,1500.62,1539.5
"851","한국전력","대한항공",0.51,0,-8.62,8.62,1534.93,1547.3
"852","한국전력","대한항공",0.48,0,-8.2,8.2,1526.73,1555.5
"853","한국전력","대한항공",0.46,1,9.2,-9.2,1535.94,1546.3
"854","한국전력","대한항공",0.49,0,-8.25,8.25,1527.69,1554.54
"855","GS칼텍스","현대건설",0.48,0,-8.24,8.24,1494.22,1521.24
"856","GS칼텍스","현대건설",0.46,0,-7.84,7.84,1486.38,1529.08
"857","GS칼텍스","현대건설",0.44,0,-7.46,7.46,1478.92,1536.54
"858","현대캐피탈","삼성화재",0.71,0,-12.14,12.14,1593.78,1459.07
"859","현대캐피탈","삼성화재",0.68,1,5.36,-5.36,1599.14,1453.71
"860","현대캐피탈","삼성화재",0.7,0,-11.86,11.86,1587.28,1465.58
"861","현대캐피탈","삼성화재",0.67,1,5.64,-5.64,1592.91,1459.94
"862","현대캐피탈","삼성화재",0.68,1,5.4,-5.4,1598.31,1454.54
"863","페퍼저축은행","흥국생명",0.19,1,13.73,-13.73,1365.79,1587.52
"864","페퍼저축은행","흥국생명",0.22,0,-3.71,3.71,1362.08,1591.23
"865","페퍼저축은행","흥국생명",0.21,0,-3.59,3.59,1358.49,1594.82
"866","페퍼저축은행","흥국생명",0.2,0,-3.47,3.47,1355.02,1598.29
"867","OK금융그룹","KB손해보험",0.4,1,10.16,-10.16,1423.12,1471.67
"868","OK금융그룹","KB손해보험",0.43,1,9.68,-9.68,1432.8,1461.99
"869","OK금융그룹","KB손해보험",0.46,0,-7.79,7.79,1425.01,1469.78
"870","OK금융그룹","KB손해보험",0.44,0,-7.41,7.41,1417.6,1477.19
"871","OK금융그룹","KB손해보험",0.42,0,-7.06,7.06,1410.54,1484.24
"872","IBK기업은행","한국도로공사",0.49,1,8.73,-8.73,1499.84,1491.89
"873","IBK기업은행","한국도로공사",0.51,0,-8.69,8.69,1491.14,1500.58
"874","IBK기업은행","한국도로공사",0.49,1,8.73,-8.73,1499.87,1491.85
"875","IBK기업은행","한국도로공사",0.51,1,8.3,-8.3,1508.18,1483.55
"876","우리카드","한국전력",0.42,1,9.9,-9.9,1480.02,1517.79
"877","우리카드","한국전력",0.45,1,9.42,-9.42,1489.44,1508.37
"878","우리카드","한국전력",0.47,1,8.96,-8.96,1498.41,1499.41
"879","KGC인삼공사","GS칼텍스",0.59,0,-9.97,9.97,1529.53,1488.89
"880","KGC인삼공사","GS칼텍스",0.56,0,-9.49,9.49,1520.04,1498.38
"881","KGC인삼공사","GS칼텍스",0.53,0,-9.03,9.03,1511.02,1507.41
"882","대한항공","현대캐피탈",0.44,1,9.57,-9.57,1564.11,1588.75
"883","대한항공","현대캐피탈",0.46,1,9.1,-9.1,1573.21,1579.64
"884","대한항공","현대캐피탈",0.49,1,8.66,-8.66,1581.87,1570.99
"885","현대건설","페퍼저축은행",0.74,1,4.42,-4.42,1540.96,1350.6
"886","현대건설","페퍼저축은행",0.75,0,-12.74,12.74,1528.22,1363.34
"887","현대건설","페퍼저축은행",0.72,0,-12.26,12.26,1515.97,1375.6
"888","현대건설","페퍼저축은행",0.69,1,5.24,-5.24,1521.21,1370.36
"889","현대건설","페퍼저축은행",0.7,1,5.03,-5.03,1526.23,1365.33
"890","KB손해보험","삼성화재",0.54,0,-9.22,9.22,1475.02,1463.77
"891","KB손해보험","삼성화재",0.52,0,-8.78,8.78,1466.24,1472.54
"892","KB손해보험","삼성화재",0.49,0,-8.35,8.35,1457.9,1480.89
"893","한국도로공사","흥국생명",0.34,0,-5.79,5.79,1477.76,1604.08
"894","한국도로공사","흥국생명",0.33,1,11.46,-11.46,1489.22,1592.62
"895","한국도로공사","흥국생명",0.36,1,10.96,-10.96,1500.18,1581.66
"896","한국도로공사","흥국생명",0.38,1,10.46,-10.46,1510.63,1571.2
"897","우리카드","OK금융그룹",0.62,1,6.4,-6.4,1504.8,1404.15
"898","우리카드","OK금융그룹",0.64,1,6.1,-6.1,1510.9,1398.04
"899","우리카드","OK금융그룹",0.66,1,5.83,-5.83,1516.74,1392.21
"900","KGC인삼공사","IBK기업은행",0.5,0,-8.57,8.57,1502.45,1516.75
"901","KGC인삼공사","IBK기업은행",0.48,1,8.85,-8.85,1511.3,1507.9
"902","KGC인삼공사","IBK기업은행",0.5,0,-8.58,8.58,1502.71,1516.48
"903","KGC인삼공사","IBK기업은행",0.48,1,8.84,-8.84,1511.55,1507.64
"904","KGC인삼공사","IBK기업은행",0.51,1,8.4,-8.4,1519.95,1499.24
"905","현대캐피탈","한국전력",0.6,0,-10.23,10.23,1560.76,1509.64
"906","현대캐피탈","한국전력",0.57,0,-9.74,9.74,1551.02,1519.38
"907","현대캐피탈","한국전력",0.55,0,-9.27,9.27,1541.75,1528.65
"908","GS칼텍스","페퍼저축은행",0.69,1,5.21,-5.21,1512.61,1360.12
"909","GS칼텍스","페퍼저축은행",0.71,1,4.99,-4.99,1517.6,1355.13
"910","GS칼텍스","페퍼저축은행",0.72,1,4.79,-4.79,1522.39,1350.34
"911","KB손해보험","대한항공",0.33,0,-5.59,5.59,1452.31,1587.46
"912","KB손해보험","대한항공",0.31,0,-5.35,5.35,1446.96,1592.81
"913","KB손해보험","대한항공",0.3,0,-5.13,5.13,1441.83,1597.94
"914","한국도로공사","현대건설",0.48,0,-8.12,8.12,1502.52,1534.35
"915","한국도로공사","현대건설",0.45,1,9.28,-9.28,1511.79,1525.07
"916","한국도로공사","현대건설",0.48,0,-8.18,8.18,1503.62,1533.25
"917","한국도로공사","현대건설",0.46,1,9.22,-9.22,1512.84,1524.03
"918","한국도로공사","현대건설",0.48,1,8.77,-8.77,1521.61,1515.25
"919","삼성화재","우리카드",0.45,1,9.37,-9.37,1490.26,1507.36
"920","삼성화재","우리카드",0.48,1,8.92,-8.92,1499.18,1498.44
"921","삼성화재","우리카드",0.5,0,-8.52,8.52,1490.66,1506.96
"922","삼성화재","우리카드",0.48,0,-8.1,8.1,1482.56,1515.06
"923","삼성화재","우리카드",0.45,0,-7.71,7.71,1474.85,1522.77
"924","흥국생명","KGC인삼공사",0.57,1,7.26,-7.26,1578.46,1512.7
"925","흥국생명","KGC인삼공사",0.59,1,6.91,-6.91,1585.37,1505.79
"926","흥국생명","KGC인삼공사",0.61,1,6.59,-6.59,1591.96,1499.2
"927","한국전력","OK금융그룹",0.69,1,5.32,-5.32,1533.97,1386.89
"928","한국전력","OK금융그룹",0.7,0,-11.9,11.9,1522.08,1398.78
"929","한국전력","OK금융그룹",0.67,1,5.6,-5.6,1527.68,1393.18
"930","한국전력","OK금융그룹",0.68,1,5.36,-5.36,1533.05,1387.82
"931","GS칼텍스","IBK기업은행",0.53,1,7.93,-7.93,1530.33,1491.31
"932","GS칼텍스","IBK기업은행",0.56,0,-9.45,9.45,1520.88,1500.76
"933","GS칼텍스","IBK기업은행",0.53,1,8.01,-8.01,1528.89,1492.75
"934","GS칼텍스","IBK기업은행",0.55,0,-9.38,9.38,1519.51,1502.13
"935","GS칼텍스","IBK기업은행",0.52,0,-8.92,8.92,1510.58,1511.05
"936","현대캐피탈","KB손해보험",0.64,0,-10.88,10.88,1530.87,1452.71
"937","현대캐피탈","KB손해보험",0.61,0,-10.38,10.38,1520.49,1463.09
"938","현대캐피탈","KB손해보험",0.58,1,7.11,-7.11,1527.6,1455.98
"939","현대캐피탈","KB손해보험",0.6,1,6.77,-6.77,1534.37,1449.21
"940","현대캐피탈","KB손해보험",0.62,0,-10.54,10.54,1523.82,1459.75
"941","페퍼저축은행","한국도로공사",0.27,0,-4.62,4.62,1345.72,1526.23
"942","페퍼저축은행","한국도로공사",0.26,0,-4.44,4.44,1341.28,1530.68
"943","페퍼저축은행","한국도로공사",0.25,0,-4.28,4.28,1337,1534.95
"944","OK금융그룹","삼성화재",0.38,1,10.59,-10.59,1398.4,1464.27
"945","OK금융그룹","삼성화재",0.41,1,10.09,-10.09,1408.49,1454.17
"946","OK금융그룹","삼성화재",0.43,1,9.61,-9.61,1418.11,1444.56
"947","IBK기업은행","흥국생명",0.39,0,-6.56,6.56,1504.5,1598.51
"948","IBK기업은행","흥국생명",0.37,0,-6.25,6.25,1498.24,1604.77
"949","IBK기업은행","흥국생명",0.35,0,-5.97,5.97,1492.27,1610.74
"950","대한항공","우리카드",0.61,1,6.69,-6.69,1604.62,1516.08
"951","대한항공","우리카드",0.62,1,6.38,-6.38,1611,1509.7
"952","대한항공","우리카드",0.64,0,-10.91,10.91,1600.09,1520.61
"953","대한항공","우리카드",0.61,0,-10.41,10.41,1589.68,1531.02
"954","대한항공","우리카드",0.58,1,7.08,-7.08,1596.76,1523.95
"955","현대건설","KGC인삼공사",0.52,0,-8.89,8.89,1506.36,1508.09
"956","현대건설","KGC인삼공사",0.5,0,-8.46,8.46,1497.9,1516.55
"957","현대건설","KGC인삼공사",0.47,1,8.96,-8.96,1506.86,1507.6
"958","현대건설","KGC인삼공사",0.5,0,-8.48,8.48,1498.38,1516.08
"959","한국전력","KB손해보험",0.6,0,-10.27,10.27,1522.78,1470.02
"960","한국전력","KB손해보험",0.58,1,7.22,-7.22,1530,1462.8
"961","한국전력","KB손해보험",0.6,0,-10.12,10.12,1519.87,1472.92
"962","한국전력","KB손해보험",0.57,0,-9.64,9.64,1510.23,1482.57
"963","GS칼텍스","한국도로공사",0.46,0,-7.9,7.9,1502.68,1542.86
"964","GS칼텍스","한국도로공사",0.44,0,-7.52,7.52,1495.15,1550.38
"965","GS칼텍스","한국도로공사",0.42,0,-7.16,7.16,1487.99,1557.54
"966","OK금융그룹","현대캐피탈",0.35,1,11.01,-11.01,1429.11,1512.82
"967","OK금융그룹","현대캐피탈",0.38,1,10.51,-10.51,1439.62,1502.31
"968","OK금융그룹","현대캐피탈",0.41,1,10.02,-10.02,1449.64,1492.29
"969","IBK기업은행","페퍼저축은행",0.71,1,4.94,-4.94,1497.21,1332.07
"970","IBK기업은행","페퍼저축은행",0.72,0,-12.26,12.26,1484.95,1344.33
"971","IBK기업은행","페퍼저축은행",0.69,1,5.24,-5.24,1490.18,1339.09
"972","IBK기업은행","페퍼저축은행",0.7,0,-11.98,11.98,1478.2,1351.07
"973","IBK기업은행","페퍼저축은행",0.68,0,-11.48,11.48,1466.72,1362.55
"974","삼성화재","대한항공",0.29,1,12,-12,1456.57,1584.76
"975","삼성화재","대한항공",0.32,1,11.5,-11.5,1468.07,1573.26
"976","삼성화재","대한항공",0.35,1,11,-11,1479.06,1562.26
"977","흥국생명","현대건설",0.66,1,5.84,-5.84,1616.58,1492.53
"978","흥국생명","현대건설",0.67,0,-11.41,11.41,1605.17,1503.95
"979","흥국생명","현대건설",0.64,1,6.09,-6.09,1611.26,1497.85
"980","흥국생명","현대건설",0.66,1,5.82,-5.82,1617.08,1492.03
